code,seats,case_countFL,4195,37TX,1371,15NY,1229,13CA,767,15DC,416,3NJ,325,2GA,290,7IL,252,6NC,119,6NV,98,0MI,81,1PR,81,0MA,76,1PA,74,6CO,73,2MT,69,2MD,50,3OH,42,6AZ,39,1MN,36,2LA,26,2WA,24,2MO,20,1TN,19,1IN,17,1AL,15,4HI,15,1SC,14,0OK,12,2OR,11,4UT,11,1CT,10,0WI,8,0VA,7,1VI,6,0NE,5,2KS,4,1KY,4,1ME,4,1MS,4,0VT,4,0AR,3,1IA,3,3NM,3,0RI,3,0AK,1,0CQ,1,0ND,1,0NH,1,1WV,1,1DE,0,1